LEILAO;DATA;LOTE;DESCRICAO;REGIAO;CAPEX;RAP_EDITAL;RAP_CAPEX;RAP_CONTRATADA;CLASSE_RAP;DESAGIO_MEDIO;DESAGIO;PRAZO  ;ANTECIPACAO;DIFERENCA;RAZAO;N_INSCRITAS;N_PROPONENTES;VENCEDORA;FORMA_PARTICIPACAO;EL500;EL345;EL230;EXT_CIRCUITO;ALUMINIO;POTENCIA;EQUIPAMENTO  ;SE;SE_sn;SE10;RISCO_BRASIL;WACC;SELIC;WS;DOLAR;LME AL;MIDWEST;LME CU;ICSA;APETITE;REXT;DESAGIO_ANTERIOR
ANEEL_13_2015_1;13/04/2016;1;"LT 500 kV Parnaíba III - Acaraú III C1, com 191 km; LT 500 kV Acaraú III - Pecém II C1, com 161 km; LT 500 kV Acaraú III - Tianguá II C1, com 150 km; LT 500 kV Bacabeira - Parnaíba III C1 e C2, com 2 x 312 km; SE 500 kV Bacabeira; SE 500 kV Parnaíba III e Compensador Estático (-150/300) Mvar; SE 500 kV Acaraú III ; SE 500 kV Tianguá II.";NORDESTE;1964505000;404961072;0,206139;404961072;> R$300.000.000,00;0;0;60;31;29;0,516667;1;1;FI;C;814;0;0;1126;32316755,61;0;1;4;1;40;387;9,11;14,25;1,564215;3,54;1544,5;165;4830;4,54;NÃO;359645,7123;0
ANEEL_13_2015_1;13/04/2016;2;"LT 500 kV Paranatinga –Ribeirãozinho – C3, com 355 km; CS 475 Mvar no terminal de Paranatinga; LT 500 kV Cláudia - Paranatinga - C3, com 350 km; CS 430 Mvar no terminal de Paranatinga; LT 500 kV Paranaíta - Cláudia C3, com 300 km.";CENTRO-OESTE;1601094000;334568197;0,208962;334568197;> R$300.000.000,00;0;0;60;19;41;0,316667;1;1;CT;I;1005;0;0;1005;39899679,84;0;1;0;0;0;387;9,11;14,25;1,564215;3,54;1544,5;165;4830;1,39;NÃO;332903,6786;0
ANEEL_13_2015_1;13/04/2016;3;"LT 500 kV Juazeiro III - Ourolândia II C1, com 186 km; LT 500 kV Bom Jesus da Lapa II - Gentio do Ouro II C1, com 260 km;";NORDESTE;720487000;141493938;0,196387;121600000;R$100.000.000,00 - R$200.000.000,00;0;0,1405;48;31;17;0,645833;2;2;FI;C;446;0;0;446;17706723,59;0;0;0;0;0;387;9,11;14,25;1,564215;3,54;1544,5;165;4830;0;SIM;317250,9821;0
ANEEL_13_2015_1;13/04/2016;4;LT 345 kV Bandeirante - Piratininga II C1 e C2, com 15 km cada (subterrânea);SUDESTE;650216000;145258968;0,223401;145258968;R$100.000.000,00 - R$200.000.000,00;0,046833;0;48;0;48;0;1;1;CPP;C;0;15;0;30;248118,07;0;0;0;0;0;387;9,11;14,25;1,564215;3,54;1544,5;165;4830;0,93;NÃO;4841965,6;0,1405
ANEEL_13_2015_1;13/04/2016;5;"LT 230 kV João Câmara II - João Câmara Ill C1 e C2, CD, com 2x10 km; SE 500 kV João Câmara III - 500/230 kV (9+1Res)x300 MVA.";NORDESTE;284878000;54486205;0,191262;48487000;< R$100.000.000,00;0,035125;0,1101;42;31;11;0,738095;2;2;CT;I;0;0;10;20;161612,14;2700;0;1;1;10;387;9,11;14,25;1,564215;3,54;1544,5;165;4830;0;NÃO;2724310,25;0
ANEEL_13_2015_1;13/04/2016;6;LT 500 kV Campinas - Itatiba C2, com 25,1 km;SUDESTE;80836000;17439738;0,215742;17439738;< R$100.000.000,00;0,05012;0,0063;60;16;44;0,266667;1;1;FI;I;25,1;0;0;25,1;996499,47;0;0;0;0;0;387;9,11;14,25;1,564215;3,54;1544,5;165;4830;2,31;NÃO;694810,2789;0,1101
ANEEL_13_2015_1;13/04/2016;7;"LT 500 kV Ibicoara - Poções III, com 165 km; LT 230 kV Poções III - Poções II CD, C1 e C2, 2 x 2,5 km; SE 500/230 kV Poções III - (3+1Res) x 200 MVA;";NORDESTE;367948000;70168461;0,190702;59590000;< R$100.000.000,00;0,042817;0,1507;42;0;42;0;3;2;FI;C;165;0;2,5;175;6591096,74;600;0;1;1;10;387;9,11;14,25;1,564215;3,54;1544,5;165;4830;0;SIM;400962,6343;0,0063
ANEEL_13_2015_1;13/04/2016;8;"LT 230kV Paranatinga - Canarana, 262km; SE 230/138kV Canarana - pátio novo em 230kV - (3+1R) x 40 MVA; SE 500/230kV Paranatinga - pátio novo em 230kV - (3+ 1R) x 40MVA";CENTRO-OESTE;300453000;61470571;0,204593;58212631;< R$100.000.000,00;0,058229;0,0529;48;0;48;0;3;1;CT;I;0;0;262;262;4234238,01;240;0;2;1;20;387;9,11;14,25;1,564215;3,54;1544,5;165;4830;2,41;NÃO;234620,5;0,1507
ANEEL_13_2015_1;13/04/2016;9;"LT 500kV Miracema - Lajeado, C2, 30km; LT 230kV Lajeado - Palmas, C1 e C2, 60km; SE Lajeado (pátio 500 kV e 2ª Transformação 3 x 320 MVA); SE 230/138kV Palmas - 2 x 200MVA";NORTE;275483000;56044971;0,203443;56044971;< R$100.000.000,00;0,057563;0;42;0;42;0;3;1;CT;I;30;0;60;90;2160708,05;1360;0;2;1;20;387;9,11;14,25;1,564215;3,54;1544,5;165;4830;4,81;NÃO;622721,9;0,0529
ANEEL_13_2015_1;13/04/2016;10;"LT 230 kV Torres 2 - Atlântida 2, com 63 km; LT 230 kV Torres 2 - Forquilinha, com 70 km; SE 230/69 kV Torres 2 (Nova), 2x83 MVA. SE 230/138/69 kV Tubarão Sul - 1 ATR 230/138 kV x150 MVA e 2 TR 230/69 kV 150 MVA Secc. LT 230 kV Jorge Lacerda - Siderópolis C3 em Tubarão Sul - 2 x 8,5 km";SUL;205230000;40085218;0,195319;40085218;< R$100.000.000,00;0,051167;0;48;12;36;0,25;1;1;FI;C;0;0;141,5;150;2286811,75;616;0;2;1;20;387;9,11;14,25;1,564215;3,54;1544,5;165;4830;4,35;NÃO;267234,7867;0
ANEEL_13_2015_1;13/04/2016;11;SE 440/138 kV Água Azul - (6+1R)x100MVA;SUDESTE;169753000;31107925;0,183254;31107925;< R$100.000.000,00;0,04605;0;36;10;26;0,277778;3;1;CPP;I;0;0;0;0;0;600;0;1;1;10;387;9,11;14,25;1,564215;3,54;1544,5;165;4830;0,93;NÃO;311079250;0
ANEEL_13_2015_1;13/04/2016;12;SE 345/138 kV Rio Novo do Sul - 345/138 kV (6+1Res) x 133,33 MVA;SUDESTE;150960000;28147141;0,186454;28147141;< R$100.000.000,00;0,041864;0;36;0;36;0;3;1;CT;I;0;0;0;0;0;799,98;0;1;1;10;387;9,11;14,25;1,564215;3,54;1544,5;165;4830;1,39;NÃO;281471410;0
ANEEL_13_2015_1;13/04/2016;13;SE 230/138kV Onça Puma - pátio novo de 138kV - 2 x 100MVA;NORTE;50242000;9428642;0,187665;8760000;< R$100.000.000,00;0,038375;0,0709;36;1;35;0,027778;2;2;CPP;C;0;0;0;0;0;200;0;1;1;10;387;9,11;14,25;1,564215;3,54;1544,5;165;4830;0;NÃO;94286420;0
ANEEL_13_2015_1;13/04/2016;14;SE 500/138kV Paranaíta - pátio novo 138 kV e Transformação (3+1R)X50MVA;CENTRO-OESTE;51000000;9589586;0,188031;8500000;< R$100.000.000,00;0,040877;0,1136;36;0;36;0;3;2;CPP;C;0;0;0;0;0;150;0;1;1;10;387;9,11;14,25;1,564215;3,54;1544,5;165;4830;1,39;NÃO;95895860;0,0709
ANEEL_13_2015_2;28/10/2016;1;LT 500 kV Sapeaçu - Poções III C1, com 260 km;NORDESTE;408490000;85435520;0,20915;76700000;< R$100.000.000,00;0;0,1022;60;0;60;0;4;3;FI;C;260;0;0;260;10202820,48;0;0;0;0;0;308;9,11;14;1,536773;3,18;1681;200;4786;1,39;NÃO;328598,1538;0
ANEEL_13_2015_2;28/10/2016;2;"LT 500 kV Poções III - Padre Paraíso 2 C1, com 334 km; – LT 500 kV Padre Paraíso 2 - Governador Valadares 6 C1, com 207 km; – SE 500 kV Padre Paraíso 2 (SE nova para conexões de linhas e compensação de reativos); – SE 500/230 kV Governador Valadares 6 – (6+1Res) x 200 MVA";SUDESTE;1268737000;264592750;0,208548;214700000;R$200.000.000,00 - R$ 300.000.000,00;0,1022;0,1885;60;23;37;0,383333;4;2;CT;C;541;0;0;541;21229714,93;1200;0;2;1;20;308;9,11;14;1,536773;3,18;1681;200;4786;2,31;NÃO;489080,8688;0,1022
ANEEL_13_2015_2;28/10/2016;3;LT 500 kV Poções III - Padre Paraíso 2 C2, com 338 km;SUDESTE;509595000;106613120;0,209211;106613120;R$100.000.000,00 - R$200.000.000,00;0,14535;0;60;23;37;0,383333;2;1;CT;C;338;0;0;338;13263666,63;0;0;0;0;0;308;9,11;14;1,536773;3,18;1681;200;4786;4,35;NÃO;315423,432;0,1885
ANEEL_13_2015_2;28/10/2016;4;LT 500 kV Padre Paraíso 2 - Governador Valadares 6 C2, com 208 km;SUDESTE;341118000;71424700;0,209384;71424700;< R$100.000.000,00;0,0969;0;60;23;37;0,383333;2;1;CT;C;208;0;0;208;8162256,39;0;0;0;0;0;308;9,11;14;1,536773;3,18;1681;200;4786;2,78;NÃO;343387,9808;0
ANEEL_13_2015_2;28/10/2016;5;SE 500 kV Padre Paraíso 2 - Compensador Estático 500 kV (-150/+300) Mvar;SUDESTE;97388000;21377040;0,219504;17666000;< R$100.000.000,00;0,072675;0,1735;60;37;23;0,616667;7;4;CPP;C;0;0;0;0;0;0;1;1;1;10;308;9,11;14;1,536773;3,18;1681;200;4786;1,39;SIM;213770400;0
ANEEL_13_2015_2;28/10/2016;6;"LT 500 kV Governador Valadares 6 - Mutum C1, com 156 km; – LT 500 kV Mutum - Rio Novo do Sul C1, com 132 km; – SE 500 kV Mutum (SE nova para conexões de linhas e compensação de reativos); – SE 500/345 kV Rio Novo do Sul - (3+1 Res) x 350 MVA.";SUDESTE;698780000;145986950;0,208917;145986950;R$100.000.000,00 - R$200.000.000,00;0,09284;0;60;23;37;0,383333;2;1;CT;C;288;0;0;288;11301585,77;1050;0;2;1;20;308;9,11;14;1,536773;3,18;1681;200;4786;1,85;NÃO;506899,1319;0,1735
ANEEL_13_2015_2;28/10/2016;7;LT 500 kV Governador Valadares 6 - Mutum C2, com 165 km.;;0;;0;;;;;60;;60;0;;;;;;;;0;0;;;;;0;308;9,11;14;1,536773;;1681;200;4786;;;0;
ANEEL_13_2015_2;28/10/2016;8;LT 500 kV Governador Valadares 6 - Mutum C2, com 165 km.;NORDESTE;444834000;92657020;0,208296;77832000;< R$100.000.000,00;0,077367;0,1599;60;23;37;0,383333;5;3;CNE;I;251;0;0;251;9849645,93;0;0;0;0;0;308;9,11;14;1,536773;3,18;1681;200;4786;0,46;SIM;369151,4741;0
ANEEL_13_2015_2;28/10/2016;9;"LT 500 kV Barreiras II - Buritirama C1, com 213 km; – SE 500 kV Buritirama (SE nova para conexões de linhas e compensação de reativos).";NORDESTE;473109000;98038240;0,207221;70588000;< R$100.000.000,00;0,089157;0,2799;60;23;37;0,383333;8;5;CNE;I;213;0;0;213;8358464,47;0;0;1;1;10;308;9,11;14;1,536773;3,18;1681;200;4786;1,39;SIM;460273,4272;0,1599
ANEEL_13_2015_2;28/10/2016;10;"LT 500 kV Queimada Nova II - Curral Novo do Piauí II C1, com 109 km; – LT 500 kV Buritirama - Queimada Nova II, C1, com 376 km; – SE 500 kV Queimada Nova II (SE nova para conexões de linhas e compensação de reativos).";NORDESTE;819688000;171256970;0,208929;148308000;R$100.000.000,00 - R$200.000.000,00;0,113;0,134;60;23;37;0,383333;6;3;CGP;C;485;0;0;485;19032184,37;0;0;1;1;10;308;9,11;14;1,536773;3,18;1681;200;4786;0,46;NÃO;353107,1546;0,2799
ANEEL_13_2015_2;28/10/2016;11;LT 500 kV Queimada Nova II - Milagres II C1, com 322 km.;;0;;0;;;;;60;;60;0;;;;;;;;0;0;;;;;0;308;9,11;14;1,536773;;1681;200;4786;;;0;
ANEEL_13_2015_2;28/10/2016;12;LT 500 kV Buritirama - Queimada Nova II, C2, com 380 km;NORDESTE;547501000;114331590;0,208824;102900000;R$100.000.000,00 - R$200.000.000,00;0,115333;0,0999;60;23;37;0,383333;5;4;CNE;I;380;0;0;380;14911814,55;0;0;0;0;0;308;9,11;14;1,536773;3,18;1681;200;4786;1,85;NÃO;300872,6053;0,134
ANEEL_13_2015_2;28/10/2016;13;"LT 500 kV Açu III - Milagres II C2, com 292 km; – LT 500 kV Açu III - João Câmara III C2, com 143 km.";NORDESTE;679335000;142032740;0,209076;111495000;R$100.000.000,00 - R$200.000.000,00;0,103445;0,215;60;23;37;0,383333;4;3;CGP;C;435;0;0;435;17070103,5;0;0;0;0;0;308;9,11;14;1,536773;3,18;1681;200;4786;2,13;SIM;326512,046;0,0999
ANEEL_13_2015_2;28/10/2016;14;"LT 500 kV Igaporã III - Janaúba 3 C1, com 257 km; – LT 500 kV Janaúba 3 - Presidente Juscelino C1, com 337 km; – SE 500 kV Janaúba 3 (novo pátio de 500 kV – parte 1)";SUDESTE;1065594000;223056950;0,209326;185598000;R$200.000.000,00 - R$ 300.000.000,00;0,122991;0,1679;60;23;37;0,383333;6;3;CNE;I;594;0;0;594;23309520,65;0;0;1;1;10;308;9,11;14;1,536773;3,18;1681;200;4786;1,85;NÃO;375516,7508;0,215
ANEEL_13_2015_2;28/10/2016;15;LT 500 kV Igaporã III - Janaúba 3 C2, com 257 km.;SUDESTE;435452000;91107990;0,209226;85642000;< R$100.000.000,00;0,126733;0,0599;60;23;37;0,383333;3;1;CNE;I;257;0;0;257;10085095,63;0;0;0;0;0;308;9,11;14;1,536773;3,18;1681;200;4786;0,93;NÃO;354505,7977;0,1679
ANEEL_13_2015_2;28/10/2016;16;LT 500 kV Janaúba 3 - Presidente Juscelino C2, com 330 km.;SUDESTE;507222000;106179410;0,209335;106179410;R$100.000.000,00 - R$200.000.000,00;0,121592;0;60;23;37;0,383333;3;1;CNE;I;330;0;0;330;12949733,69;0;0;0;0;0;308;9,11;14;1,536773;3,18;1681;200;4786;1,39;NÃO;321755,7879;0,0599
ANEEL_13_2015_2;28/10/2016;17;"LT 500 kV Bom Jesus da Lapa II - Janaúba 3 C1, com 304 km;  – LT 500 kV Janaúba 3 - Pirapora 2 C1, com 238 km; – SE 500 kV Janaúba 3 (novo pátio de 500 kV – parte 2).";SUDESTE;959604000;200856670;0,209312;174624789;R$200.000.000,00 - R$ 300.000.000,00;0,112907;0,1305;60;23;37;0,383333;6;2;CT;I;542;0;0;542;21268956,55;0;0;1;1;10;308;9,11;14;1,536773;3,18;1681;200;4786;3,43;SIM;370584,262;0
ANEEL_13_2015_2;28/10/2016;18;SE 500 kV Janaúba 3 - Compensadores Síncronos - 2 x (-90/+150) Mvar.;SUDESTE;211311000;47337730;0,224019;39400000;< R$100.000.000,00;0,11408;0,1676;60;23;37;0,383333;5;3;FI;C;0;0;0;0;0;0;1;1;1;10;308;9,11;14;1,536773;3,18;1681;200;4786;1,39;NÃO;473377300;0,1305
ANEEL_13_2015_2;28/10/2016;19;LT 500 kV Presidente Juscelino - Itabira 5 C2, com 189 km;;0;;0;;;;;60;;60;0;;;;;;;;0;0;;;;;0;308;9,11;14;1,536773;;1681;200;4786;;;0;
ANEEL_13_2015_2;28/10/2016;20;"LT 500 kV Rio das Éguas - Arinos 2 C1, com 230 km; – LT 500 kV Arinos 2 - Pirapora 2 C1, com 221 km; – SE 500 kV Arinos 2 (SE nova para conexões de linhas e compensação de reativos)";SUDESTE;806450000;158620390;0,19669;130510000;R$100.000.000,00 - R$200.000.000,00;0,117425;0,1772;48;23;25;0,479167;4;2;CGP;C;451;0;0;451;17697969,38;0;0;1;1;10;308;9,11;14;1,536773;3,18;1681;200;4786;2,31;NÃO;351708,1818;0,1676
ANEEL_13_2015_2;28/10/2016;21;"LT 345 kV Viana 2 – João Neiva 2 – 79 km; – SE 345/138 kV João Neiva 2, (9+1Res) x 133 MVA e Compensador Estático 345 kV (- 150/+150) Mvar";SUDESTE;297819000;63059310;0,211737;47200000;< R$100.000.000,00;0,120941;0,2514;60;17;43;0,283333;5;4;CT;I;0;79;0;79;1291628,97;1197;1;1;1;10;308;9,11;14;1,536773;3,18;1681;200;4786;3,06;NÃO;798219,1139;0,1772
ANEEL_13_2015_2;28/10/2016;22;"LT 500 kV Mesquita - João Neiva 2, com 236 km; – SE 500/345 kV João Neiva 2, 500/345 kV - (3+1Res) x 350 MVA.";SUDESTE;485841000;101019640;0,207927;101019640;R$100.000.000,00 - R$200.000.000,00;0,128189;0;60;0;60;0;4;1;CT;I;236;0;0;236;9261021,67;1050;0;1;1;10;308;9,11;14;1,536773;3,18;1681;200;4786;0,93;NÃO;428049,322;0,2514
ANEEL_13_2015_2;28/10/2016;23;"LT 500 kV Vila do Conde - Marituba - 56,1 km; – LT 230kV Marituba - Castanhal - 68,6 km; – SE 500/230 kV Marituba - (3+1R)x300 MVA; – SE 230/69 kV Marituba - 2X200 MVA.";NORTE;426985000;89784520;0,210276;89784520;< R$100.000.000,00;0,121442;0;60;0;60;0;1;1;CNE;I;56,1;0;68,6;124,7;3297280,83;1300;0;2;1;20;308;9,11;14;1,536773;3,18;1681;200;4786;3,06;NÃO;720004,17;0
ANEEL_13_2015_2;28/10/2016;24;SE 230/138 kV São Mateus 2 (nova) - (3+1R)x50 MVA, – LT 230 kV Linhares 2 - São Mateus 2 - 113 km;SUDESTE;116046000;21854510;0,188326;20718075;< R$100.000.000,00;0,11537;0,052;24;0;24;0;6;2;CNE;I;0;0;113;113;1805077,97;150;0;1;1;10;308;9,11;14;1,536773;3,18;1681;200;4786;2,31;NÃO;193402,7434;0
ANEEL_05_2016;24/04/2017;1;"LT 525 kV Guaíra - Sarandi - CD, C1 e C2, com 2 x 266,3 km;   LT 525 kV Foz do Iguaçu - Guaíra - CD, C1 e C2, com 2 x 173 km;   LT 525 kV Londrina - Sarandi, CD, C1 e C2, com 75,5 km;   LT 230 kV Sarandi - Paranavaí Norte, CD, com 85 km
SE 525/230 kV Guaíra (novo pátio 525 kV) - (6+1 Res) x 224 MVA;   SE 525/230/138 kV Sarandi (novo pátio 525 kV) - 525/230 kV (6+1Res)x224 MVA;   SE 230/138 kV Paranavaí Norte - (6+1Res)x50 MVA";SUL;1936473885;400462340;0,2068;267316703;> R$300.000.000,00;0;0,3325;60;42;18;0,7;5;5;CT;C;514,8;0;85;1200;24082033,55;2988;0;3;1;30;263;10,66;11,25;1,055347;3,12;1927,5;214;5611;2,87;NÃO;333718,6167;0
ANEEL_05_2016;24/04/2017;2;"LT 230 kV Umuarama Sul - Guaíra C2, CS, com 108 km;    SE 230/138 kV Londrina Sul - (3+1Res)x50 MVA;   Trecho de LT SE Londrina Sul ao Secc (LT 230 kV Londrina - Apucarana) C1 - 2 x 4,5 km";SUL;157158635;32067390;0,204045;28058966;< R$100.000.000,00;0,3325;0,125;48;42;6;0,875;5;1;CPP;C;0;0;112,5;117;2007367,11;150;0;1;1;10;263;10,66;11,25;1,055347;3,12;1927,5;214;5611;1,85;SIM;274080,2564;0,3325
ANEEL_05_2016;24/04/2017;3;"LT 230 kV Rio Verde Norte - Jataí - CD, C1 e C2, com 2 x 136 km; SE 500/230 kV Rio Verde Norte (novo pátio 230 kV) - (6+1 Res) x 224 MVA";CENTRO-OESTE;295294126;58818710;0,199187;36702875;< R$100.000.000,00;0,22875;0,376;48;5;43;0,104167;10;9;CNE;I;0;0;136;272;2426683,79;1344;0;1;1;10;263;10,66;11,25;1,055347;3,12;1927,5;214;5611;0,93;NÃO;216245,2574;0,125
ANEEL_05_2016;24/04/2017;4;"LT 230 kV Rio Brilhante - Dourados 2 C1, com 122 km; LT 230 kV Nova Porto Primavera - Rio Brilhante, C2, com 137 km; LT 230 kV Nova Porto Primavera, Ivinhema 2, C2, com 64 km;   LT 230 kV Rio Brilhante - Campo Grande 2 C1, com 149 km;   LT 230 kV Imbirussu - Campo Grande 2 C2, com 57,3 km;   LT 230 kV Dourados - Dourados II C2, com 48,2 km;   SE 230/138 Dourados 2 - 2 x 150 MVA; Trecho LT  da SE Dourados 2 ao Sec da LT 2230 kV Dourados - Ivinhema 2, 2 x 15,6 km CS";SUDESTE;487240399;100238900;0,205728;65515000;R$100.000.000,00 - R$200.000.000,00;0,277833;0,3464;60;30;30;0,5;9;3;CNE;I;0;0;593,1;578;10582839,38;300;0;1;1;10;263;10,66;11,25;1,055347;3,12;1927,5;214;5611;3,8;SIM;173423,7024;0,376
ANEEL_05_2016;24/04/2017;5;"LT 230 kV Novo Porto Primavera - Rosana CD, com 18,2 km;   SE 230/138 kV Rosana (novo pátio 230 kV) - (6+1Res)x83,33 MVA em série com 2 TR defasadores 138/138 kV de (2+1Res)x250 MVA cada";SUDESTE;134646373;27097390;0,201249;18371261;< R$100.000.000,00;0,294975;0,322;48;0;48;0;9;3;CT;I;0;0;18,2;36;324747,39;500;0;1;1;10;263;10,66;11,25;1,055347;3,12;1927,5;214;5611;1,85;SIM;752705,2778;0,3464
ANEEL_05_2016;24/04/2017;6;SE Araraquara 2 - 3 x Compensadores Síncronos 500 kV - (-180/+300) Mvar;SUDESTE;397733490;83235550;0,209275;46183287;< R$100.000.000,00;0,30038;0,4451;48;10;38;0,208333;6;4;CT;I;0;0;0;0;0;0;0;1;1;10;263;10,66;11,25;1,055347;3,12;1927,5;214;5611;0,93;NÃO;832355500;0,322
ANEEL_05_2016;24/04/2017;7;"LT 500 kV Miranda II - São Luís II - CS - C3, com 116 km;   LT 500 kV São Luís II - São Luís IV - CD - C1 e C2, com 5 km;   SE 500/230/69 kV São Luís IV - 500/230 kV (6+1Res)x200 MVA, 230/69 kV, 2x200 MVA;
Trecho de LT da SE São Luis IV ao Secc LT UTE Porto de Itaqui - São
Luis II - 2 x 1 km";NORDESTE;495226065;104357780;0,210728;66267190;R$100.000.000,00 - R$200.000.000,00;0,3245;0,365;60;36;24;0,6;5;4;CNE;I;121;0;1;128;5321666,3;1600;0;1;1;10;263;10,66;11,25;1,055347;3,12;1927,5;214;5611;3,98;NÃO;815295,1563;0,4451
ANEEL_05_2016;24/04/2017;8;SE 500/138 kV Resende (novo pátio 138 kV) 3+1Res - x100 MVA;SUDESTE;75773756;14889340;0,196497;9305800;< R$100.000.000,00;0,330286;0,375;36;30;6;0,833333;17;15;CGP;I;0;0;0;0;0;300;0;1;1;10;263;10,66;11,25;1,055347;3,12;1927,5;214;5611;1,39;NÃO;148893400;0,365
ANEEL_05_2016;24/04/2017;9;"LT 230 kV Lagoa Nova II - Currais Novos II, CD, 28 km;   SE Currais
Novos II 230/69 kV, 2x100 MVA";NORDESTE;84354626;16808750;0,199263;11471971;< R$100.000.000,00;0,335875;0,3175;48;0;48;0;8;3;FI;I;0;0;28;56;499611,37;200;0;1;1;10;263;10,66;11,25;1,055347;3,12;1927,5;214;5611;1,67;SIM;300156,25;0,375
ANEEL_05_2016;24/04/2017;10;"LT 230 kV Garibaldi - Lajeado 3, CS, 47 km;   LT 230 kV Lajeado 2 -
Lajeado 3, CS, 16,4 km;   LT 230 kV Candiota 2 - Bagé 2, CS, 49 km; SE Vinhedos 230/69 kV, 2x165 MVA;   SE Lajeado 3 230/69 kV, 2x83 MVA; Trecho de LT da SE Vinhedos ao Seccionamento da LT 230kV Monte Claro – Garibaldi, 1 x 2km, CD.";SUL;395287928;83956380;0,212393;34532000;< R$100.000.000,00;0,333833;0,5887;60;36;24;0,6;6;5;CNE;I;0;0;114,4;112;2041269,31;496;0;2;1;20;263;10,66;11,25;1,055347;3,12;1927,5;214;5611;1,39;SIM;749610,5357;0,3175
ANEEL_05_2016;24/04/2017;11;"LT 230 kV Coelho Neto - Chapadinha II, CS, 74 km;   LT 230 kV Miranda II - Chapadinha II, CS, 129 km;   SE 230/69 kV Chapadinha II - 2 x 100
MVA";NORDESTE;159538655;31759510;0,199071;30200000;< R$100.000.000,00;0,35932;0,0491;48;6;42;0,125;6;2;CNE;I;0;0;203;203;3622182,42;200;0;1;1;10;263;10,66;11,25;1,055347;3,12;1927,5;214;5611;2,78;NÃO;156450,7882;0,5887
ANEEL_05_2016;24/04/2017;12;LT 230 kV Imperatriz - Porto Franco, C2, 113 km;NORDESTE;52611004;11278070;0,214367;;< R$100.000.000,00;;;48;;48;0;;;;;0;0;113;113;0;0;0;0;0;0;263;;;;;1927,5;214;5611;;;99805,9292;
ANEEL_05_2016;24/04/2017;13;"LT 500 kV Xingó - Jardim C2, com 160 km;   LT 500 kV Paulo Afonso IV - Luiz Gonzaga C2, com 38 km";NORDESTE;271671143;54565400;0,200851;44470801;< R$100.000.000,00;0,331118;0,185;54;0;54;0;5;3;FI;C;198;0;0;198;8678983,14;0;0;0;0;0;263;10,66;11,25;1,055347;3,12;1927,5;214;5611;3,43;NÃO;275582,8283;0,0491
ANEEL_05_2016;24/04/2017;14;LT 230 kV N. Sra do Socorro - Penedo C2, com 109 km;NORDESTE;68099137;14283930;0,209752;14283930;< R$100.000.000,00;0,318942;0;48;0;48;0;5;1;CPP;I;0;0;109;109;1944915,68;0;0;0;0;0;263;10,66;11,25;1,055347;3,12;1927,5;214;5611;3,43;NÃO;131045,2294;0,185
ANEEL_05_2016;24/04/2017;15;"LT 230 kV Garanhuns II - Arcoverde II, com 89 km;   LT 230 kV Caetés II - Arcoverde II, com 50 km;   SE 230/69 kV Arcoverde II - 2x100 MVA;   SE 230/69 kV Garanhuns II - novo pátio 69 kV - 2 x 100 MVA";NORDESTE;163873146;33185580;0,202508;24600000;< R$100.000.000,00;0,294408;0,2587;48;18;30;0,375;11;4;CNE;I;0;0;139;139;2480213,58;400;0;2;1;20;263;10,66;11,25;1,055347;3,12;1927,5;214;5611;0;NÃO;238745,1799;0
ANEEL_05_2016;24/04/2017;16;LT 230kV Ribeiro Gonçalves - Balsas - C2 - 95km;NORDESTE;48539846;10489450;0,2161;;< R$100.000.000,00;;;48;;48;0;;;;;0;0;95;95;0;0;0;0;0;0;263;;;;;1927,5;214;5611;;;110415,2632;
ANEEL_05_2016;24/04/2017;17;LT 230 kV Guaíba 3 - Nova Santa Rita, com 38 km;SUL;40703822;9627120;0,236516;;< R$100.000.000,00;;;60;;60;0;;;;;0;0;38;38;0;0;0;0;0;0;263;;;;;1927,5;214;5611;;;253345,2632;
ANEEL_05_2016;24/04/2017;18;LT 500 kV Estreito-Cachoeira Paulista C1 e C2, CS com 2 x 375km;SUDESTE;1819489244;390842450;0,214809;205200000;> R$300.000.000,00;0,291857;0,4749;60;5;55;0,083333;5;4;CNE;I;375;0;0;750;16437468,08;0;0;0;0;0;263;10,66;11,25;1,055347;3,12;1927,5;214;5611;2,31;NÃO;521123,2667;0,2587
ANEEL_05_2016;24/04/2017;19;LT 500 kV Fernão Dias - Terminal Rio, com 330 km;SUDESTE;889043204;190595830;0,214383;99109000;R$100.000.000,00 - R$200.000.000,00;0,30406;0,48;60;5;55;0,083333;4;4;CT;C;330;0;0;330;14464971,91;0;0;0;0;0;263;10,66;11,25;1,055347;3,12;1927,5;214;5611;1,85;SIM;577563,1212;0,4749
ANEEL_05_2016;24/04/2017;20;SE 500 kV Fernão Dias - Compensador Estático 500 kV (-150/300) Mvar;SUDESTE;141076729;28216110;0,200005;13278501;< R$100.000.000,00;0,315056;0,5293;42;5;37;0,119048;9;8;CNE;C;0;0;0;0;0;0;0;1;1;10;263;10,66;11,25;1,055347;3,12;1927,5;214;5611;2,31;NÃO;282161100;0,48
ANEEL_05_2016;24/04/2017;21;"LT 525kV Abdon Batista - Siderópolis 2 CD  - 261 km;   LT 525kV Biguaçu - Siderópolis 2 C1  - 149 km;   LT 525kV Campos Novos - Abdon Batista C2 - 39 km;   LT 230kV Siderópolis 2 - Forquilhinha C1 - 28 km; LT 230kV Siderópolis 2 - Siderópolis CD - 7,5 km;   SE 525/230 kV Siderópolis 2 (Nova) - (6+1) x ATF 224 MVA";SUL;1265294371;264343080;0,208918;171824000;R$200.000.000,00 - R$ 300.000.000,00;0,327659;0,3499;60;5;55;0,083333;5;5;CNE;C;449;0;35,5;753;20314564,29;1344;0;1;1;10;263;10,66;11,25;1,055347;3,12;1927,5;214;5611;5,83;NÃO;351053,2271;0,5293
ANEEL_05_2016;24/04/2017;22;SE 525 kV Biguaçu - Comp. Estático - (-100/+300 Mvar);SUL;120662398;24252550;0,200995;13055000;< R$100.000.000,00;0,328894;0,4617;42;5;37;0,119048;10;9;CNE;I;0;0;0;0;0;0;0;1;1;10;263;10,66;11,25;1,055347;3,12;1927,5;214;5611;1,94;NÃO;242525500;0,3499
ANEEL_05_2016;24/04/2017;23;LT 500 kV Campina Grande III - Pau Ferro, com 136 km;NORDESTE;190755811;38663020;0,202683;27450000;< R$100.000.000,00;0,335884;0,29;54;0;54;0;9;6;FI;I;136;0;0;136;5961321,76;0;0;0;0;0;263;10,66;11,25;1,055347;3,12;1927,5;214;5611;1,85;NÃO;284286,9118;0,4617
ANEEL_05_2016;24/04/2017;24;LT 440 kV Cabreúva - Fernão Dias C1 e C2, CD, com 71 km;SUDESTE;291801221;62817560;0,215275;;< R$100.000.000,00;;0;60;;60;0;;;;;71;0;0;142;0;0;0;0;0;0;263;;;;;1927,5;214;5611;;;442377,1831;
ANEEL_05_2016;24/04/2017;25;SE 440 kV Bauru - Compensador Estático 440 kV (-125/250) Mvar;SUDESTE;125794252;25279830;0,200962;10729000;< R$100.000.000,00;0,33359;0,5756;42;29;13;0,690476;11;10;CT;I;0;0;0;0;0;0;1;1;1;10;263;10,66;11,25;1,055347;3,12;1927,5;214;5611;0,93;SIM;252798300;0,29
ANEEL_05_2016;24/04/2017;26;"LT 230 kV Xinguara II - Santana do Araguaia C1/C2,  CD com 2 x 296
km;   SE 230/138kV Santana do Araguaia (novo pátio 230kV) 2x150 MVA transformação defasadora";NORTE;329790788;65776580;0,199449;46320000;< R$100.000.000,00;0,345114;0,2957;54;45;9;0,833333;9;7;CNE;I;0;0;296;592;5281605,9;300;0;1;1;10;263;10,66;11,25;1,055347;3,12;1927,5;214;5611;0;SIM;111109,0878;0,5756
ANEEL_05_2016;24/04/2017;27;SE 500/230 kV Sobral III - Comp. Estático 500 kV -150/+250 Mvar;NORDESTE;117741788;23670630;0,201038;12087000;< R$100.000.000,00;0,342868;0,4893;42;0;42;0;12;10;CNE;I;0;0;0;0;0;0;1;1;1;10;263;10,66;11,25;1,055347;3,12;1927,5;214;5611;0;NÃO;236706300;0,2957
ANEEL_05_2016;24/04/2017;28;"SE 230/69-13,8 kV Caxias II - 2x100 MVA;   SE 230/69 kV Boa
Esperança II  (pátio novo 69 kV) - 2x100 MVA;   SE 230/69 kV Teresina II (pátio novo 69 kV) - 2x150 MVA";NORDESTE;134683454;25860640;0,192011;16215000;< R$100.000.000,00;0,349235;0,3729;42;26;16;0,619048;8;8;CGP;I;0;0;0;0;0;700;0;3;1;30;263;10,66;11,25;1,055347;3,12;1927,5;214;5611;0,46;SIM;258606400;0,4893
ANEEL_05_2016;24/04/2017;29;"SE 440/138 kV Baguaçu - (6+1R) x 100 MVA;   SE 440/138 kV Alta
Paulista - (6+1R) x 133,33 MVA; Trecho de LT da SE Alta Paulista ao Seccionamento da LT 440 kV Marechal Rondon – Taquaruçu, com 53 e 54 km cada, CS; Trecho de LT da SE Baguaçu ao Seccionamento da LT 440 kV Ilha Solteira – Bauru C1 e C2, com 2 x 1 km, CD;";SUDESTE;601879530;113468370;0,188523;53678482;R$100.000.000,00 - R$200.000.000,00;0,350221;0,5269;48;36;12;0,75;7;6;CT;I;0;0;109;111;1944915,68;1400;0;2;1;20;263;10,66;11,25;1,055347;3,12;1927,5;214;5611;2,31;NÃO;1022237,568;0,3729
ANEEL_05_2016;24/04/2017;30;LT 500 kV Queimada Nova II - Milagres II C1, com 322 km;NORDESTE;472487290;94070920;0,199097;63900000;< R$100.000.000,00;0,357288;0,3207;54;17;37;0,314815;10;6;FI;I;322;0;0;322;14114305,92;0;0;0;0;0;263;10,66;11,25;1,055347;3,12;1927,5;214;5611;1,85;SIM;292145,7143;0,5269
ANEEL_05_2016;24/04/2017;31;"LT 230kV Xingu - Altamira, C1, 61km;   LT 230kV Altamira - Transamazônica, C2, 188km;   LT 230kV Transamazônica - Tapajós, C1, 187km;   SE 230/138kV Tapajós - 2 x 150MVA;   SE Tapajós - Compensador Síncrono (-75 / +150)Mvar;   SE Rurópolis - Compensador
Síncrono (-55 / +110)Mvar";NORTE;671285394;139315890;0,207536;126080880;R$100.000.000,00 - R$200.000.000,00;0,355881;0,095;60;23;37;0,383333;3;1;CNE;I;0;0;436;300;7779662,74;0;1;3;1;30;263;10,66;11,25;1,055347;3,12;1927,5;214;5611;1,02;NÃO;464386,3;0,3207
ANEEL_05_2016;24/04/2017;32;"LT 230 kV Samuel - Ariquemes C4, com 145 km;   LT 230 kV Ariquemes - Ji-Paraná C4, com 165 km;   SE Ji-Paraná  - Compensador Síncrono (- 90/+150) Mvar;   SE Ariquemes - Compensador Síncrono (-90/+150) Mvar;   SE 230/138 kV Jaru - (3+1R) x 16,67 MVA;   SE 230/69 kV
Coletora Porto Velho (novo pátio 69 kV) 1 x 100 MVA";NORTE;434678637;93119390;0,214226;72446885;< R$100.000.000,00;0,346219;0,222;60;40;20;0,666667;5;3;CGP;I;0;0;310;310;5531411,58;250;1;4;1;40;263;10,66;11,25;1,055347;3,12;1927,5;214;5611;2,31;SIM;300385,129;0,095
ANEEL_05_2016;24/04/2017;33;"LT 230 kV Vila do Conde - Tomé-Açu C2, 125 km;   SE 230/138 kV Tomé- Açu - 2x100 MVA; Trecho de LT da SE Tomé-Açu ao Seccionamento da LT 230kV Vila do Conde – Miltônia
3, 2 x 6 km, CS";NORTE;120561186;24446160;0,20277;20500000;< R$100.000.000,00;0,341782;0,1614;48;52;-4;1,083333;6;2;CPP;C;0;0;125;126;2230407,9;200;0;1;1;10;263;10,66;11,25;1,055347;3,12;1927,5;214;5611;2,5;SIM;194017,1429;0,222
ANEEL_05_2016;24/04/2017;34;SE 230/138 kV Castanhal - 2x150 MVA (novo pátio em 138 kV);NORTE;45614731;9724570;0,213189;5786119;< R$100.000.000,00;0,335562;0,405;54;52;2;0,962963;13;9;FI;C;0;0;0;0;0;300;0;1;1;10;263;10,66;11,25;1,055347;3,12;1927,5;214;5611;0;SIM;97245700;0,1614
ANEEL_05_2016;24/04/2017;35;LT 230 kV Marituba - Utinga (C3 e C4), Circuito Duplo, com 12,15 km;NORTE;125891623;25972840;0,206311;18070000;< R$100.000.000,00;0,337877;0,3042;54;0;54;0;6;4;CPP;C;0;0;12,15;12;216795,65;0;0;0;0;0;263;10,66;11,25;1,055347;3,12;1927,5;214;5611;3,06;NÃO;2164403,333;0,405
ANEEL_02_2017;15/12/2017;1;"LT 525 kV Ivaiporã - Ponta Grossa - C1 e C2 - CS - 170 km e 168 km; LT 525 kV Ponta Grossa - Bateias - C1 e C2 - CS, 104 km e 96 km; LT 230 kV Ponta Grossa - São Mateus do Sul - C1 - 93 km; LT 230 kV Ponta Grossa - Ponta Grossa Sul - C1 - 31 km; LT 230 kV Areia - Guarapuava Oeste - C1 - 68 km; LT 230 kV Irati Norte - Ponta Grossa - C2 - 64 km; LT 230 kV União da Vitória Norte - São Mateus do Sul - C1 - 103 km; LT 230 kV Areia - União da Vitória Norte - C1 - 53 km; SE 525/230 kV Ponta Grossa - (9+1 res.) x 224 MVA SE 230/138 kV Castro Norte - (6+1 res) x 50 MVA; SE 230/138 kV Guarapuava Oeste  (9+1 Res) x 50 MVA; SE 230/138 kV Irati Norte - (6+1 res.) x 50 MVA; SE 230/138 kV
União da Vitória Norte - (6+1R) x 50 MVA; Trecho de LT em 230 kV entre a SE Ponta Grossa e o secc. da LT Klacel - Ponta Grossa Norte - 2x18,6 km, CD; Trecho de LT em 230 kV entre a SE Ponta Grossa e o secc. da LT Areia - Ponta Grossa Norte - 2x2,6 km, CD; Trecho de LT em 230 kV entre a SE Irati Norte e o secc. da LT Areia - Ponta Grossa - C1 -2x1 km, CD; Trecho de LT em 230 kV entre a SE Castro Norte e o secc. da LT Klacel - Ponta Grossa - C1 - 2x14 km, CD; Trecho de LT em 230 kV entre a SE Guarapuava Oeste e o secc.o da LT Areia - Ponta Grossa C1 - 2x62 km, CD.";SUL;2017009000;355407320;0,176205;231725000;> R$300.000.000,00;0;0,348;60;60;0;1;6;4;CNE;I;538;0;510,2;1146;36894792,54;3366;0;5;1;50;244;9,45;7;0,740741;3,31;2035,5;243;6734;3,33;NÃO;310128,5515;0
ANEEL_02_2017;15/12/2017;2;"LT 500 kV Parnaíba III -Tianguá II - C1, com 111 km; LT 230 kV Acaraú II -Acaraú III - CD - C1 e C2, com 1 km; LT 230 kV Ibiapina II - Tianguá II - CD - C1 e C2, com 26 km; LT 230 kV Ibiapina II - Piripiri - C2, com 80 km; LT 230 kV Piripiri - Teresina III - C1, com 148 km; SE 500/230 kV Tianguá II - (6+1 Res) x 200 MVA; SE Parnaíba -
500/230kV (6+1 Res) x 200 MVA e 230/138kV 2 x 150 MVA; SE 500/230 kV Acaraú III -
(6+1 Res) x 250 MVA; Seccion. LT 500 kV Teresina II - Sobra III C2 na SE Tiaguá II, 2 x 24 km, CS.";NORDESTE;1042577000;182271930;0,174828;85271000;R$100.000.000,00 - R$200.000.000,00;0,348;0,532;60;34;26;0,566667;12;12;CGP;I;135;0;255;441;11815393,2;4200;0;3;1;30;244;9,45;7;0,740741;3,31;2035,5;243;6734;1,85;SIM;413315,034;0,348
ANEEL_02_2017;15/12/2017;3;"LT 500 kV Xingu - Serra Pelada C1 e C2, CS, 2 x 443 km;  LT 500 kV Serra Pelada - Miracema C1 e C2, CS, 2 x 415 km; LT 500 kV Serra Pelada - Itacaiúnas C1, 115 km; SE 500 kV Serra Pelada.";NORTE;2780296000;487145510;0,175214;313100000;> R$300.000.000,00;0,44;0,3572;60;0;60;0;5;5;CNE;I;973;0;0;1831;48141636,45;0;0;1;1;10;244;9,45;7;0,740741;3,31;2035,5;243;6734;1,48;SIM;266054,3474;0,532
ANEEL_02_2017;15/12/2017;4;"LT 500 kV Miracema - Gilbués II C3, CS, 418 km; LT 500 kV Gilbués II -
Barreiras II C2, CS, 311 km.";NORDESTE;1345826000;236079490;0,175416;126000000;R$200.000.000,00 - R$ 300.000.000,00;0,4124;0,4662;60;0;60;0;12;10;CNE;I;729;0;0;729;36069119,19;0;0;0;0;0;244;9,45;7;0,740741;3,31;2035,5;243;6734;2,87;NÃO;323840,1783;0,3572
ANEEL_02_2017;15/12/2017;5;SE 500/230 kV Açu III - (6+1R) x 300 MVA.;NORDESTE;193820000;31332800;0,161659;14431000;< R$100.000.000,00;0,42585;0,539;42;0;42;0;20;19;CT;I;0;0;0;0;0;1800;0;1;1;10;244;9,45;7;0,740741;3,31;2035,5;243;6734;0;NÃO;313328000;0,4662
ANEEL_02_2017;15/12/2017;6;"LT 500 kV Santa Luzia II - Campina Grande III, com 125 km; LT 500 kV Santa
Luzia II - Milagres II, com 220 km; SE 500 kV Santa Luzia II.";NORDESTE;584048000;103410080;0,177058;57325000;R$100.000.000,00 - R$200.000.000,00;0,44848;0,4456;60;34;26;0,566667;16;14;CNE;I;345;0;0;345;17069747,76;0;0;1;1;10;244;9,45;7;0,740741;3,31;2035,5;243;6734;0,46;NÃO;299739,3623;0,539
ANEEL_02_2017;15/12/2017;7;LT 500 kV Governador Valadares 6 - Mutum C2, com 165 km.;SUDESTE;276963000;49888420;0,180127;32600000;< R$100.000.000,00;0,448;0,347;60;10;50;0,166667;10;8;CPP;I;165;0;0;165;8163792,41;0;0;0;0;0;244;9,45;7;0,740741;3,31;2035,5;243;6734;1,39;SIM;302354,0606;0,4456
ANEEL_02_2017;15/12/2017;8;LT 500 kV Presidente Juscelino - Itabira 5 C2, com 189 km.;SUDESTE;283574000;51128790;0,180301;32978000;< R$100.000.000,00;0,433571;0,355;60;10;50;0,166667;12;10;CPP;C;189;0;0;189;9351253,12;0;0;0;0;0;244;9,45;7;0,740741;3,31;2035,5;243;6734;2,31;NÃO;270522,6984;0,347
ANEEL_02_2017;15/12/2017;9;"SE 230/138-13,8 kV Itabuna III - 3 x 150 MVA; Secciona LT 230 kV Funil -
Itapebi C1 (2 x 25km).";NORDESTE;106719000;17437470;0,163396;9090608;< R$100.000.000,00;0,42375;0,479;42;18;24;0,428571;18;16;FI;I;0;0;25;50;503522,22;450;0;1;1;10;244;9,45;7;0,740741;3,31;2035,5;243;6734;0;NÃO;348749,4;0,355
ANEEL_02_2017;15/12/2017;10;"SE 230/69 kV Lagoa do Carro - 2 x 150 MVA; Secc LT 230 kV Pau Ferro - Coteminas na SE Lagoa do Carro - 2 x 11,25 km.";NORDESTE;71724000;12141910;0,169287;7285000;< R$100.000.000,00;0,429889;0,4;42;17;25;0,404762;21;18;CPP;C;0;0;11,25;23;226585;300;0;1;1;10;244;9,45;7;0,740741;3,31;2035,5;243;6734;0;NÃO;527909,1304;0,479
ANEEL_02_2017;15/12/2017;11;SE 230 kV Fiat Seccionadora (pátio 69 kV) - 2x150 MVA;NORDESTE;44788000;8559800;0,191118;4030000;< R$100.000.000,00;0,4269;0,529;36;33;3;0,916667;21;17;CPP;I;0;0;0;0;0;300;0;1;1;10;244;9,45;7;0,740741;3,31;2035,5;243;6734;0;SIM;85598000;0,4
ANEEL_02_2018;28/06/2018;1;"LT 230 kV Biguaçu – Ratones, C1 e C2, com 28,6 km cada (trechos aéreos, subaquáticos e subterrâneos);SE 230/138 kV Ratones - 2 x 150 MVA";SUL;641382764;114664012;0,178776;38231291;R$100.000.000,00 - R$200.000.000,00;0;0,6665;60;36;24;0,6;11;8;CT;I;0;0;57,2;57;1558784,85;300;0;1;1;10;332;8,44;6,5;0,770142;3,85;2172,5;478;6649;4,35;NÃO;2011649,341;0
ANEEL_02_2018;28/06/2018;2;"LT 345 kV Macaé - Lagos C2 - 16 km; SE 345/138 kV Lagos - (9+1Res) x 133 MVA; Secc LT 345 kV COMPERJ - Macaé (2 x 5 km).";SUDESTE;198679919;31055366;0,156309;14925000;< R$100.000.000,00;0,6666;0,519407;42;15;27;0,357143;13;10;CPP;I;0;21;0;26;585736,92;1200;0;1;1;10;332;8,44;6,5;0,770142;3,85;2172,5;478;6649;2,31;NÃO;1194437,136;0,6665
ANEEL_02_2018;28/06/2018;3;"LT 500 kV Pacatuba - Jaguaruana II - C1 - 155,03 km; LT 500 kV Jaguaruana II - Açu III - C1 - 113,95 km; LT 230 kV Jaguaruana II - Mossoró IV - CD - C1 e C2 - 2 x 54,54 km; LT 230 kV Jaguaruana II - Russas II - C1 - 32 km; LT 230 kV Caraúbas II – Açu III - CD - C1 e C2 - 2 x 65,13 km; SE 500/230 kV Jaguaruana II - (6+1 res.) x 250 MVA; SE 500/230 kV Jaguaruana II - Compensador Estático (-150 / + 300) MVA SE 500/230/69 kV Pacatuba - 500/230 kV - (6+1R) x 200MVA e 230/69kV - 2 x 200 MVA; SE  230/69 kV Caraúbas II - 2 x 100 MVA; Secc da LT 500 kV Fortaleza II - Pecém II - C1 na SE Pacatuba - 2 x 0,5 km;";NORDESTE;1217125910;205139048;0,168544;85050000;R$200.000.000,00 - R$ 300.000.000,00;0,592953;0,585403;60;36;24;0,6;12;11;CNE;I;269,48;0;151,67;541;22173628,15;3300;1;4;1;40;332;8,44;6,5;0,770142;3,85;2172,5;478;6649;4,91;NÃO;379184,932;0,519407
ANEEL_02_2018;28/06/2018;4;"LT 500 kV Campina Grande III - João Pessoa II, com 127 km; SE 500/230/69 kV João Pessoa II - 500/230 kV - (3+1R) x 150 MVA e 230/69 kV - 2 x 150 MVA; Secc LT 230 kV Goianinha - Mussuré II na SE João Pessoa  II - 2 x 0,5 km. Secc LT 230 kV Goianinha - Santa Rita II na SE João Pessoa II - 2 x 0,5 km. Secc LT 230 kV Santa Rita II - Mussuré II na SE João Pessoa II - 2x 0,5 km.";NORDESTE;366847037;60002248;0,163562;25700000;< R$100.000.000,00;0,590437;0,5716;54;12;42;0,222222;11;11;CNE;I;127;0;1,5;130;8542919,13;750;0;1;1;10;332;8,44;6,5;0,770142;3,85;2172,5;478;6649;1,67;NÃO;461555,7562;0,585403
ANEEL_02_2018;28/06/2018;5;"SE 230/69 kV  Alagoinhas II - 2 x 100 MVA Secc LT 230 kV Cicero Dantas - Catu C2 na SE Alagoinhas II - 2 x 0,5 km;";NORDESTE;59726466;10544352;0,176544;5400000;< R$100.000.000,00;0,585727;0,4878;54;54;0;1;13;12;CPP;C;0;0;0,5;1;13625,74;200;0;1;1;10;332;8,44;6,5;0,770142;3,85;2172,5;478;6649;0;NÃO;10544352,22;0,5716
ANEEL_02_2018;28/06/2018;6;"SE 230/69 kV Feira de Santana III - 2 x 150 MVA; Secc da LT 230 kV Governador Mangabeira - Camaçari II C2 na SE Feira de Santana III, com 2 x 54 km.";NORDESTE;111729439;17427701;0,155981;10900000;< R$100.000.000,00;0,566142;0,3745;42;24;18;0,571429;8;6;CPP;I;0;0;54;108;1471580,1;300;0;1;1;10;332;8,44;6,5;0,770142;3,85;2172,5;478;6649;0;SIM;161367,6061;0,4878
ANEEL_02_2018;28/06/2018;7;"LT 500 kV Porto de Sergipe - Olindina C1, com 180 km; LT 500 kV Olindina - Sapeaçu C1, com 207 km; LT 230 kV Morro do Chapéu II - Irecê C2 e C3 - CD, com 67 km.";NORDESTE;772634056;133273886;0,172493;52510000;R$100.000.000,00 - R$200.000.000,00;0,534202;0,6059;60;28;32;0,466667;11;10;CNE;I;387;0;67;454;27733646,35;0;0;0;0;0;332;8,44;6,5;0,770142;3,85;2172,5;478;6649;0,46;SIM;293554,8144;0,3745
ANEEL_02_2018;28/06/2018;8;"SE 230/69 kV Santana - 2 x 100 MVA;
Secc da LT 230 kV Paulo Afonso III - Angelim C1, com 2 x 24 km.";NORDESTE;76833506;12314892;0,16028;8000000;< R$100.000.000,00;0,544444;0,3503;42;30;12;0,714286;12;8;CPP;C;0;0;24;48;654035,6;200;0;1;1;10;332;8,44;6,5;0,770142;3,85;2172,5;478;6649;1,85;NÃO;256560,253;0,6059
ANEEL_02_2018;28/06/2018;9;"SE 230/69 kV Maracanaú II - 3 x 150 MVA; Secc. da LT 230 kV Fortaleza II - Cauípe C1 na SE Maracanaú, com 2 x 1 km.";NORDESTE;102206053;16693355;0,16333;7885000;< R$100.000.000,00;0,520176;0,5276;42;36;6;0,857143;11;8;CNE;I;0;0;1;2;27251,48;450;0;1;1;10;332;8,44;6,5;0,770142;3,85;2172,5;478;6649;1,02;NÃO;8346677,304;0,3503
ANEEL_02_2018;28/06/2018;10;"SE 500/230 kV Lorena - (3+1R) x 400 MVA; Secc da LT 500 kV Tijuco Preto - Cachoeira Paulista C2, com 2 x 2 km; Secc da LT 230 kV Aparecida - Santa Cabeça C1, CD, com 2 x 2 km; Secc da LT 230 kV Aparecida - Santa Cabeça C2, CD, com 2 x 2 km.";SUDESTE;237947357;38794921;0,16304;10114435;< R$100.000.000,00;0,521001;0,7392;48;16;32;0,333333;10;10;CT;I;2;0;4;12;242896,36;1200;0;1;1;10;332;8,44;6,5;0,770142;3,85;2172,5;478;6649;0,93;NÃO;3232910,107;0,5276
ANEEL_02_2018;28/06/2018;11;SE 500/138 kV Colinas - novo pátio de 138 kV - com (6+1 res.) x 60 MVA.;NORTE;123929370;19669788;0,158718;7200000;< R$100.000.000,00;0,542821;0,6339;36;18;18;0,5;13;10;CPP;I;0;0;0;0;0;360;0;1;1;10;332;8,44;6,5;0,770142;3,85;2172,5;478;6649;1,39;NÃO;196697881,6;0,7392
ANEEL_02_2018;28/06/2018;12;"LT 230 kV Edeia - Cachoeira Dourada - C1, com 150 km; SE 345/230 kV Pirineus - (novo pátio ) em 345 kV - (6+1 res.) x 100 MVA; SE Barro Alto 230 kV - Compensador Estático 230 kV - 1 x (-75/+150) Mvar; Secc da LT 345 kV Samambaia - Bandeirantes - C2 na SE Pirineus, com 2 x 2 km.";CENTRO-OESTE;321590099;52337940;0,162747;25320000;< R$100.000.000,00;0,551101;0,516221;48;40;8;0,833333;9;8;CNE;I;0;0;152;154;4142225,46;600;1;2;1;20;332;8,44;6,5;0,770142;3,85;2172,5;478;6649;0;NÃO;339856,7531;0,6339
ANEEL_02_2018;28/06/2018;13;"SE 230/138 kV Rio Claro - 2x100 MVA; Secc da LT230 kV Rondonópolis - Rio Verde na SE Rio Claro, com 2 x 2 km.";CENTRO-OESTE;64146091;11050496;0,172271;4988001;< R$100.000.000,00;0,548194;0,548617;48;48;0;1;14;13;CPP;C;0;0;2;4;54502,97;200;0;1;1;10;332;8,44;6,5;0,770142;3,85;2172,5;478;6649;0;NÃO;2762624,107;0,516221
ANEEL_02_2018;28/06/2018;14;"SE 230/69 kV Cruz Alta 2 - nova - 2 x 83 MVA; Secc da LT 230 kV Passo Real - Ijuí 2 na SE Cruz Alta - 2 x 1 km. ";SUL;58521737;9829566;0,167964;5209672;< R$100.000.000,00;0,548227;0,47;42;16;26;0,380952;11;10;CPP;C;0;0;1;2;27251,48;166;0;1;1;10;332;8,44;6,5;0,770142;3,85;2172,5;478;6649;1,39;NÃO;4914783,027;0,548617
ANEEL_02_2018;28/06/2018;15;LT 500 kV Tucuruí II - Marituba C1, com 374 km.;NORTE;560497114;91197289;0,162708;61630000;< R$100.000.000,00;0,542639;0,324212;54;16;38;0,296296;10;6;CNE;I;374;0;0;374;25037509,22;0;0;0;0;0;332;8,44;6,5;0,770142;3,85;2172,5;478;6649;2,59;NÃO;243843,0188;0,47
ANEEL_02_2018;28/06/2018;16;LT 230kV Ribeiro Gonçalves - Balsas - C2 - 95km.;NORDESTE;60019346;10610861;0,176791;5800000;< R$100.000.000,00;0,528077;0,4533;48;0;48;0;10;5;FI;I;0;0;95;95;2588890,91;0;0;0;0;0;332;8,44;6,5;0,770142;3,85;2172,5;478;6649;0,46;SIM;111693,2689;0,324212
ANEEL_02_2018;28/06/2018;17;"LT 230 kV Chapada I - Chapada II C1, com 12 km; LT 230 kV Chapada II - Chapada III C1, com 18 km; SE 230/138 kV Chapada I (novo pátio 230 kV) - 230/138 kV, 2 x 200 MVA.";NORDESTE;96118628;19229683;0,200062;9350000;< R$100.000.000,00;0,523404;0,5137;42;39;3;0,928571;11;9;CPP;I;0;0;30;30;817544,5;400;0;1;1;10;332;8,44;6,5;0,770142;3,85;2172,5;478;6649;2,78;SIM;640989,4429;0,4533
ANEEL_02_2018;28/06/2018;18;LT 230 kV Imperatriz - Porto Franco, C2, 113 km.;NORDESTE;57436305;10213311;0,17782;7800000;< R$100.000.000,00;0,522833;0,2362;48;0;48;0;7;2;CPP;C;0;0;113;113;3079417,61;0;0;0;0;0;332;8,44;6,5;0,770142;3,85;2172,5;478;6649;3,33;SIM;90383,28592;0,5137
ANEEL_02_2018;28/06/2018;19;"LT 500 kV Serra Pelada - Integradora Sossego, CD, 2 x 66,5 km LT 230 kV Integradora Sossego - Xinguara II, C2, 72,3 km SE 500/138 kV Serra Pelada - pátio novo de 138 kV, (6+1R) x 50 MVA; SE 500/230 kV Integradora Sossego - pátio novo de 500 kV, (6+1R) x 250 MVA";NORTE;479795926;78284219;0,163161;33515000;< R$100.000.000,00;0,506909;0,5718;54;28;26;0,518519;10;9;CNE;I;66,5;0;72,3;205;6422138,83;1800;0;2;1;20;332;8,44;6,5;0,770142;3,85;2172,5;478;6649;1,39;NÃO;381874,237;0,2362
ANEEL_02_2018;28/06/2018;20;"LT 230 kV Janaúba 3 - Jaíba - CD - C1 e C2 - 93,4 km; LT 345 kV Pirapora 2 - Três Marias - C1 - 112,2 km; SE 230/138 kV Jaíba - 230/138kV (6+1R) x 33,3 MVA; SE 500/230/138 kV Janaúba 3 - 500/230 kV (6+1R) x 100 MVA.";SUDESTE;403121222;65591505;0,162709;31430000;< R$100.000.000,00;0,510324;0,520822;48;21;27;0,4375;9;7;CNE;I;0;112,2;93;206;5663896,65;800;0;2;1;20;332;8,44;6,5;0,770142;3,85;2172,5;478;6649;3,89;NÃO;318405,3661;0,5718
ANEEL_04_2018;20/12/2018;1;"LT 525 kV Areia - Joinville Sul, C1, 292 km; LT 525 kV Joinville Sul - Itajaí 2, C1, 82 km; LT 525 kV Itajaí 2 – Biguaçu, C1, 63 km; LT 230 kV Rio do Sul – Indaial, CD, C1, C2, 2 x 51 km; LT 230 kV Indaial - Gaspar 2, CD, C1, C2, 2 x 57 km; LT 230 kV Itajaí - Itajai 2, CS, C1, C2, 2 x 10 km; Trecho LT em 525 kV entre a SE Joinville Sul e a LT Curitiba - Blumenau - C1, 2 x 39 km; Trecho LT em 525 kV entre SE Joinville Sul e LT Curitiba Leste - Blumenau C1, 2 x 43 km;Trechos de LT em 525 kV entre SE Gaspar 2 e LT Curitiba - Blumenau C1, 2 x 23 km; Trecho de LT em 525 kV entre a SE Gaspar 2 e a LT Blumenau - Biguaçu C1, 2 x 7 km; Trechos de LT em 230 kV entre SE Joinville Sul e LT Blumenau - Joinville C1, 2 x 5,5 km;Trechos de LT em 230 kV entre SE Joinville Sul e LT Blumenau - Joinville Norte C1, 2 x 5,5 km;Trechos de LT em 230 kV entre a SE Joinville Sul e LT Joinville - Joinville Norte C1, 2 x 13 km;Trechos de LT em 230 kV entre SE Jaraguá do Sul e a LT Blumenau - Joinville Norte C1, 2 x 38km;Trechos de LT em 230 kV entre a SE Jaraguá do Sul e LT Blumenau - Joinville C1, 2 x 38 km;SE 525/230/138 kV Joinville Sul - 525/230 kV - (9+1) x 224 MVA e 230/138 kV – 2 x 225 MVA;SE 230/138 KV Jaraguá do Sul – 2 x 225 MVA;SE 525/230/138 kV Itajaí 2 - 525/230 kV (6+1) x 224 MVA e 230/138 kV – 2 x 225 MVA;SE 525/230/138 kV Gaspar 2 - novo pátio 525 kV, transformação 525/230 kV (6+1) x 224 MVA;SE 230/138 kV Indaial – 2 x 225 MVA;Trecho de LT em 138 kV entre a SE Itajaí 2 e a LT Camboriú Morro do Boi – Itajaí 2 x 2,4 km;Trecho de LT em 138 kV entre SE Itajaí 2 e a LT Itajaí Fazenda – Itajaí 2 x 2,4 km.";SUL;2791629504;452369159;0,162045;194157000;> R$300.000.000,00;0;0,5707;60;40;20;0,666667;7;6;CNE;I;549;0;222,8;1097;37991567,6;6504;0;5;1;50;273;8,76;6,5;0,742009;3,84;1922,5;435;6014;3,89;SIM;412369,3336;0
ANEEL_04_2018;20/12/2018;2;"LT 500 kV Terminal Rio – Lagos, CD, C1 e C2, 2 x 227 km;LT 500 kV Lagos - Campos 2, CD, C1 e C2, 2 x 101 km;SE 500 kV Campos 2;SE 500 kV Lagos – novo pátio 500 kV";SUDESTE;1331084939;220651716;0,165768;117000000;R$200.000.000,00 - R$ 300.000.000,00;0,5708;0,4697;60;46;14;0,766667;7;6;CNE;I;328;0;0;656;19479946,12;0;0;2;1;20;273;8,76;6,5;0,742009;3,84;1922,5;435;6014;2,78;NÃO;336359,3232;0,5707
ANEEL_04_2018;20/12/2018;3;LT 500 kV Campos 2 – Mutum, CD, C1 e C2, 2 x 239 km;SUDESTE;753559921;125418409;0,166435;69100000;R$100.000.000,00 - R$200.000.000,00;0,5202;0,449044;60;46;14;0,766667;8;8;CNE;I;239;0;0;478;14194229,04;0;0;0;0;0;273;8,76;6,5;0,742009;3,84;1922,5;435;6014;0,46;NÃO;262381,6088;0,4697
ANEEL_04_2018;20/12/2018;4;"LT 230 kV Dianópolis II - Barreiras II, C1, 255 km;LT 230 kV Dianópolis II – Gurupi, C1, 256 km;LT 230 kV Dianópolis II - Palmas 2, C1, 261 km; SE 500/230 kV Gurupi - (3+1 Res) x 150 MVA; SE 230/138 kV Dianópolis II - 2 x 200 MVA";NORDESTE;699422705;116061645;0,165939;62854451;R$100.000.000,00 - R$200.000.000,00;0,496481;0,458439;60;57;3;0,95;9;9;CNE;I;0;0;772;772;18663875,73;850;0;2;1;20;273;8,76;6,5;0,742009;3,84;1922,5;435;6014;1,85;NÃO;150338,9184;0,449044
ANEEL_04_2018;20/12/2018;5;"LT 230 kV Itá - Pinhalzinho 2, CD, C1 e C2, 2 x 105 km;LT 230 kV Itá - Xanxerê, CD, C1 e C2, 2 x 55 km;SE 525/230 kV Itá - novo pátio em 230kV e transformação (6+1R) x 224 MVA";SUL;366005634;61556656;0,168185;26380000;< R$100.000.000,00;0,486971;0,5714;60;10;50;0,166667;11;8;CNE;I;0;0;260;320;6285761,26;1344;0;1;1;10;273;8,76;6,5;0,742009;3,84;1922,5;435;6014;1,94;NÃO;192364,55;0,458439
ANEEL_04_2018;20/12/2018;6;"LT 230 kV Abdon Batista - Videira, CD, C1 e C2, 2 x 67,7 km; LT 230 kV Abdon Batista - Barra Grande, C3, 26 km";SUL;134108017;22570882;0,168304;11511000;< R$100.000.000,00;0,503857;0,490007;54;10;44;0,185185;13;10;CPP;C;0;0;93,7;161,4;2265291,65;0;0;0;0;0;273;8,76;6,5;0,742009;3,84;1922,5;435;6014;2,59;NÃO;139844,3742;0,5714
ANEEL_04_2018;20/12/2018;7;"LT 230 kV Jurupari - Laranjal do Jari C3, 105 km;SE 230/69 kV Jurupari, 2 x 30 MVA, pátio novo de 69 kV";NORTE;277764766;44512887;0,160254;20698545;< R$100.000.000,00;0,501548;0,5349;48;33;15;0,6875;8;8;CPP;I;0;0;105;105;2538480,51;60;0;1;1;10;273;8,76;6,5;0,742009;3,84;1922,5;435;6014;0,46;NÃO;423932,2571;0,490007
ANEEL_04_2018;20/12/2018;8;LT 230 KV Itararé II - Capão Bonito - C1 - 108 km;SUDESTE;89394673;15168790;0,169683;8151300;< R$100.000.000,00;0,506313;0,462627;48;10;38;0,208333;8;7;CPP;C;0;0;108;108;2611008,52;0;0;0;0;0;273;8,76;6,5;0,742009;3,84;1922,5;435;6014;1,85;SIM;140451,7593;0,5349
ANEEL_04_2018;20/12/2018;9;LT 230 kV Mauá 3 – Manaus, C1, 12,9 km (trechos aéreos e subterrâneos);NORTE;160704051;28047620;0,17453;11500000;< R$100.000.000,00;0,500852;0,5899;60;0;60;0;7;7;CPP;C;0;0;12,9;13;311870,46;0;0;0;0;0;273;8,76;6,5;0,742009;3,84;1922,5;435;6014;2,31;SIM;2157509,231;0,462627
ANEEL_04_2018;20/12/2018;10;"LT 525KV Guaíba 3 – Gravataí, 127 km;LT 525KV Santa Vitória do Palmar – Marmeleiro, C2, 48 km;LT 525KV Povo Novo - Guaíba 3, C2, 245 km;LT 525KV Marmeleiro - Povo Novo, C2, 152 km;LT 525KV Nova Santa Rita - Guaíba 3, C2, 36 km;LT 525 kV Candiota - Guaíba 3, CD, C1 e C2, 2 x 279 km;LT 230kV Guaíba 2 - Guaíba 3, C1, 19 km;SE 525/230kV Guaíba 3 - (6+1Res) x 224 MVA;SE 525/230 kV Candiota - (6+1Res) x 224 MVA;Trechos de LT em 525 kV entre a SE Guaíba 3 e a LT Povo Novo – Nova Santa Rita, C1, 1 x 4 km;Trechos de LT em 230 kV entre a LT 230kV Presidente Médici – Bagé 2 C1 e a SE Candiota 2, 2 x 2,0 km";SUL;2432240287;380964932;0,156631;219500000;> R$300.000.000,00;0,510746;0,423831;48;0;48;0;6;5;CGP;C;891;0;21;1193;53424257,07;2688;0;2;1;20;273;8,76;6,5;0,742009;3,84;1922,5;435;6014;2,78;NÃO;319333,5557;0,5899
ANEEL_04_2018;20/12/2018;11;"LT 230kV Osório 3 - Gravataí 3 C1, 66 km;LT 230 kV Porto Alegre 8 - Porto Alegre 1 (Subterrânea), 3,4 km;LT 230 kV Jardim Botânico - Porto Alegre 1 (Subterrânea), 4 km;SE 230 kV Osório3;SE 230/69 kV Porto Alegre 1 (Isolada a SF6 - Nova) - 3 x 83 MVA;SE 230/138 kV Vila Maria - 2 x 150 MVA;Trechos de LT em 230 kV entre a SE Osório 3 e a LT Osório 2 – Lagoa dos Barros, C1, 2 x 4 km;Trechos de LT em 230 kV entre a SE Vila Maria e a LT Passo Fundo – Nova Prata 2, C1 e C2, 4 x 1 km.";SUL;348933389;55111735;0,157943;33888000;< R$100.000.000,00;0,502055;0,385104;48;24;24;0,5;5;4;CNE;I;0;0;78,4;85,4;1895398,78;549;0;3;1;30;273;8,76;6,5;0,742009;3,84;1922,5;435;6014;2,78;NÃO;645336,4754;0,423831
ANEEL_04_2018;20/12/2018;12;"LT 230kV Livramento 3 - Alegrete 2, C1, 125 km;LT 230kV Livramento 3 - Cerro Chato, C1, 10 km;LT 230kV Livramento 3 - Santa Maria 3, C1, 247 km;LT 230 kV Livramento 3 - Maçambará 3, C1, 205 km;SE 230 kV Maçambará 3;SE 230kV Livramento 3, Compensação Síncrona (-100/+100) Mvar; Trechos de LT em 230kV entre a SE Maçambará 3 e as LTs 230kV Maçambará – Santo Ângelo C1/C2 – 2 x 4 km";SUL;610364836;96334188;0,157831;58956000;< R$100.000.000,00;0,491423;0,388005;48;0;48;0;10;6;CT;I;0;0;591;587;14288018,85;0;1;2;1;20;273;8,76;6,5;0,742009;3,84;1922,5;435;6014;2,78;NÃO;164112,7564;0,385104
ANEEL_04_2018;20/12/2018;13;"LT 525KV Capivari do Sul - Gravataí, C1, 83 km;LT 230kV Capivari do Sul - Viamão 3, C1, 65 km;LT 525KV Guaíba 3 - Capivari do Sul, C1, 168 km;SE 525/230/138 kV Capivari do Sul - 525/230 kV - (6+1) x 224 MVA e 230/138 kV - 2 x 100 MVA";SUL;776819688;122314264;0,157455;74721784;R$100.000.000,00 - R$200.000.000,00;0,482805;0,389;48;30;18;0,625;8;3;CNE;I;251;0;65;316;16478350,31;1544;0;1;1;10;273;8,76;6,5;0,742009;3,84;1922,5;435;6014;3,8;SIM;387070,4557;0,388005
ANEEL_04_2018;20/12/2018;14;"LT 525 kV Povo Novo - Guaíba 3, C3, 245,7 km;LT 525 kV Capivari do Sul - Siderópolis 2, C1, 251,5 km;LT 230 kV Siderópolis 2 – Forquilhinha, C2, 27,6 km;LT 230 kV Livramento 3 - Santa Maria 3, C2, 244,5 km; SE 525 kV Marmeleiro - Compensação Síncrona -90/+150 Mvar);SE 230 kV Livramento 3 – Compensação Síncrona (-90/+150) Mvar.";SUL;1214996318;201517143;0,165858;120925000;R$200.000.000,00 - R$ 300.000.000,00;0,475589;0,399927;60;41;19;0,683333;9;7;CNE;I;497,2;0;272,1;769,3;36107038,52;0;1;2;1;20;273;8,76;6,5;0,742009;3,84;1922,5;435;6014;2,78;NÃO;261948,7105;0,389
ANEEL_04_2018;20/12/2018;15;"SE 230/138 kV Caladinho II - 2 x 40 MVA;Trechos de LT em 230 kV entre a SE Caladinho II e a LT Coletora Porto Velho – Porto Velho, C2, 2 x 5,5 km.";NORTE;60857401;10365848;0,17033;4353000;< R$100.000.000,00;0,470185;0,58;48;27;21;0,5625;14;12;CPP;C;0;0;5,5;11;132968,03;80;0;1;1;10;273;8,76;6,5;0,742009;3,84;1922,5;435;6014;0,93;SIM;942349,8182;0,399927
ANEEL_04_2018;20/12/2018;16;"LT 230 kV Oriximiná - Juruti, CD, C1 e C2, 138 km (3,8 km de travessia do Rio Amazonas);LT 230 kV Juruti - Parintins, CD, C1 e C2, 102 km (4,5 km de travessias de canais em Parintins);SE 500/230 kV Oriximiná – pátio novo 230 kV e transformação 500/230 kV - (6+1R) x 100 MVA;SE 230/138 kV Juruti - 2 x 50 MVA;SE 230/138 kV Parintins - 2 x 100 MVA.";NORTE;1126955609;186914964;0,165858;120122186;R$100.000.000,00 - R$200.000.000,00;0,477506;0,357343;60;33;27;0,55;5;4;CGP;I;0;0;240;480;5802241,16;900;0;3;1;30;273;8,76;6,5;0,742009;3,84;1922,5;435;6014;0,46;NÃO;389406,175;0,58
ANEEL_02_2019;19/12/2019;1;"LT 230 kV Caxias Norte - Caxias 6 - C1 - 30 km; – LT 230 kV Caxias Norte - Vinhedos - C1 - 24 km; 
– LT 230 kV Caxias Norte - Monte Claro - C1 - 27 km; 
– SE 525/230/138 kV Caxias Norte, 525/230 kV - (9+1R) x 224 MVA e 230/138 kV - 3 x 225 MVA;
– Trechos de LT em 525 kV entre a SE Caxias Norte e a LT Itá - Caxias C1, com 2
x 11 km;
– Trechos de LT em 525 kV entre a SE Caxias Norte e a LT Campos Novos - Caxias
C1, com 2 x 13 km;
– Trechos de LT em 230 kV entre a SE Caxias Norte e a LT Farroupilha - Caxias do
Sul C1, com 2 x 10 km;
– Trechos de LT em 230 kV entre a SE Caxias Norte e a LT Farroupilha - Caxias do
Sul 5 C1, com 2 x 10 km";SUL;681550491;113876320;0,167084;37748393;R$100.000.000,00 - R$200.000.000,00;0;0,668514;60;36;24;0,6;9;8;CT;I;48;0;121;169;5500835,09;2691;0;1;1;10;246;7,84;4,4;0,561262;4,01;1800;350;6156;1,39;NÃO;673824,3787;0
ANEEL_02_2019;19/12/2019;2;"SE 230/69 kV Olindina - 2 x 50 MVA;
 – Trechos de LT em 230 kV entre a SE Olindina e a LT Cícero Dantas - Catu C1, com 2 x 0,4 km;
 – Trechos de LT em 230 kV entre a SE Olindina e a LT Cícero Dantas - Catu C2, com 2 x 0,4 km.";NORDESTE;75865541;12535810;0,165237;5380000;< R$100.000.000,00;0,668514;0,570829;36;36;0;1;13;12;CPP;I;0;0;2;2;46048,39;100;0;1;1;10;180;7,84;4,4;0,561262;4,01;1800;350;6156;0,46;NÃO;6267905;0,668514
ANEEL_02_2019;19/12/2019;3;"LT 345 kV Santos Dumont 2 - Leopoldina 2 - C1, com 95 km; 
– LT 345 kV Leopoldina 2 - Lagos C1, com 143 km; 
– SE 345/138 kV Leopoldina 2 - (6+1Res) x 75 MVA";SUDESTE;375804168;64672540;0,172091;30212000;< R$100.000.000,00;0,619672;0,532847;60;36;24;0,6;11;11;CPP;I;0;238;0;238;5608601,18;450;0;1;1;10;180;7,84;4,4;0,561262;4,01;1800;350;6156;1,85;SIM;271733,3613;0,570829
ANEEL_02_2019;19/12/2019;4;LT 230 kV Messias - Rio Largo II C4, com 15 km.;NORDESTE;29674696;5868630;0,197765;2880000;< R$100.000.000,00;0,59073;0,509255;42;36;6;0,857143;9;7;CGP;C;0;0;15;15;345362,91;0;0;0;0;0;180;7,84;4,4;0,561262;4,01;1800;350;6156;0,93;NÃO;391242;0,532847
ANEEL_02_2019;19/12/2019;5;"LT 230 kV Cláudia - Cachimbo, com 278 km;
 – LT 230 kV Cachimbo - Novo Progresso, com 227 km; 
– SE 500/230/138 kV Cláudia - novo pátio 230 kV e transformação 500/230 kV - (3+1Res) x 150 MVA, e novo pátio 138 kV e transformação 230/138 kV - 2 x 100 MVA; 
– SE 230 kV Cachimbo; 
– SE 230/138 kV Novo Progresso - 2 x 100 MVA.";CENTRO-OESTE / NORTE;590873588;101360370;0,171543;38000000;R$100.000.000,00 - R$200.000.000,00;0,570361;0,6251;60;36;24;0,6;12;9;CONSÓRCIO VSF TRANSMISSORAS DO BRASIL;C;0;0;505;505;11627218,09;850;0;3;1;30;180;7,84;4,4;0,561262;4,01;1800;350;6156;1,85;SIM;200713,604;0,509255
ANEEL_02_2019;19/12/2019;6;LT 440 kV Ilha Solteira - Três Irmãos C2, com 37 km;CENTRO-OESTE / SUDESTE;98792055;16610740;0,168138;5316306;< R$100.000.000,00;0,581309;0,679948;42;45;-3;1,071429;6;6;CT;I;36,6;0;0;36,6;2070117,04;0;0;0;0;0;180;7,84;4,4;0,561262;4,01;1800;350;6156;0,93;NÃO;453845,3552;0,6251
ANEEL_02_2019;19/12/2019;7;"LT 345 kV Nova Ponte - Araxá 3 C1, com 114 km; 
– LT 345 kV Nova Ponte - Uberlândia 10 C1, com 57 km; 
– SE 500/345 kV Nova Ponte - novo pátio 345 kV e transformação 500/345 kV - (6+1Res) x 100 MVA;
 – SE 345/138 kV Araxá 3 - (3+1Res) x 100 MVA; 
– SE 345/138 kV Uberlândia 10 - (3+1Res) x 100 MVA; 
– SE 345/138 kV Monte Alegre de Minas 2 - (6+1Res) x 66,67 MVA; 
– Trechos de LT em 345 kV entre a SE Monte Alegre de Minas 2 e a LT Itumbiara - Porto Colômbia, com 2 x 1 km.";SUDESTE;553567254;95043480;0,171693;32887935;< R$100.000.000,00;0,597749;0,65397;60;36;24;0,6;10;10;CT;I;0;172;0;172;4053274,8;1600,02;0;4;1;40;180;7,84;4,4;0,561262;4,01;1800;350;6156;1,39;NÃO;552578,3721;0,679948
ANEEL_02_2019;19/12/2019;8;"SE 230/69 kV Crato II - 2 x 150 MVA; 
– Trechos de LT em 230 kV entre a SE Crato II e a LT Milagres - Tauá II, com 2 x 34 km.";NORDESTE;101650766;17021520;0,167451;7950000;< R$100.000.000,00;0,60578;0,532944;48;45;3;0,9375;13;12;ENGEPAR ENGENHARIA E PARTICIPAÇÕES LTDA.;I;0;0;64;64;1473548,43;300;0;1;1;10;180;7,84;4,4;0,561262;4,01;1800;350;6156;0;NÃO;265961,25;0,65397
ANEEL_02_2019;19/12/2019;9;"LT 230kV Rio das Éguas - Rio Formoso II, C1/C2, CD, 105 km 
– SE 230/138kV Rio Formoso II, 2 x 200 MVA 
– SE Rio das Éguas (novo pátio 230kV), 500/230kV (6+1R) 100 MVA";NORDESTE;303378548;43303290;0,142737;18000000;< R$100.000.000,00;0,596676;0,584327;48;45;3;0,9375;12;11;CNE;I;0;0;210;210;4835080,79;1000;0;2;1;20;180;7,84;4,4;0,561262;4,01;1800;350;6156;0;NÃO;206206,1429;0,532944
ANEEL_02_2019;19/12/2019;10;"LT 500 kV Sapeaçu - Camaçari IV C1, com 105 km; 
– LT 230kV Camaçari IV - Pirajá, C1/C2, CD, com 40 km; 
– SE 230/69 kV Pirajá - 2 x 180 MVA; 
– SE 230/69 kV Camaçari II - 2 x 150 MVA.";NORDESTE;517860201;88895350;0,171659;37062586;< R$100.000.000,00;0,595304;0,583076;60;36;24;0,6;5;4;BAROLO PARTICIPAÇÕES LTDA.;I;105;0;80;185;7780795,9;660;0;2;1;20;180;7,84;4,4;0,561262;4,01;1800;350;6156;3,06;NÃO;480515,4054;0,584327
ANEEL_02_2019;19/12/2019;11;"LT 230 kV Rio Branco I - Feijó C1, com 392 km; 
– LT 230 kV Feijó - Cruzeiro do Sul C1, com 280 km; 
– SE 230/69 kV Feijó - 2 x 20 MVA; 
– SE 230/69 kV Cruzeiro do Sul - 2 x 50 MVA.";NORTE;720011005;123232940;0,171154;58100000;R$100.000.000,00 - R$200.000.000,00;0,594081;0,528535;60;36;24;0,6;7;6;CPP;C;0;0;672;672;15472258,53;140;0;2;1;20;180;7,84;4,4;0,561262;4,01;1800;350;6156;3,8;SIM;183382,3512;0,583076
ANEEL_02_2019;19/12/2019;12;LT 230 kV Poções III - Itapebi C1, com 193 km.;NORDESTE;171099239;30214620;0,176591;12200000;< R$100.000.000,00;0,588122;0,596222;60;60;0;1;12;11;CONSÓRCIO VSF TRANSMISSORAS DO BRASIL;C;0;0;193;193;4443669,49;0;0;0;0;0;180;7,84;4,4;0,561262;4,01;1800;350;6156;0;SIM;156552,4352;0,528535
ANEEL_01_2020;17/12/2020;1;"– LT 500 kV Silvânia - Trindade, C1, com 155 km;
– SE 500 kV Silvânia;
– Trechos de LT 500 kV entre a SE Silvânia e a LT Samambaia - Emborcação, C1, com 2 x 7,14 km;
– Trechos de LT 500 kV entre a SE Silvânia e a LT Samambaia - Itumbiara, C1, com 2 x 14,37 km.";CENTRO-OESTE;422662000;55971800;0,132427;21381227;> R$300.000.000,00;0;0,618;48;22;26;0,458333;19;16;AGRONEGOCIOALTALUZBRASIL;I;198,02;0;0;198,02;15614830,69;0;0;1;1;10;236,4;6,03;2;0,331675;5,2;1961,5;350;7314,9;2,7;NÃO;282657,3073;0
ANEEL_01_2020;17/12/2020;2;"– LT 500 kV Morro do Chapéu II – Poções III C1, com 356 km;
– LT 500 kV Poções III - Medeiros Neto II C1, com 329 km;
– LT 500 kV Medeiros Neto II - João Neiva 2 C1, com 282 km;
– LT 230 kV Medeiros Neto II - Teixeira de Freitas II, CD, C1 e C2, com 59 km;
– SE 500/230 kV Medeiros Neto II - (3+1Res) x 100 MVA e Compensação Síncrona (-180/300) Mvar.";SUDESTE / NORDESTE;2000156000;278193820;0,139086;159693000;> R$300.000.000,00;0,618;0,425965;60;9;51;0,15;13;13;NEOENERGIA S.A;I;971;0;120;1091;80419971,61;300;1;1;1;10;236,4;6,03;2;0,331675;5,2;1961,5;350;7314,9;2,67;NÃO;254989,7525;0,618
ANEEL_01_2020;17/12/2020;3;– LT 345 kV Norte - Miguel Reale, C3 e C4, com 14,5 km cada (subterrânea).;SUDESTE;490313000;68710630;0,140136;20372702;> R$300.000.000,00;0,521982;0,7035;54;14;40;0,259259;10;8;CONSÓRCIO SAINT NICHOLAS I;C;0;29;0;29;952774,24;0;0;0;0;0;236,4;6,03;2;0,331675;5,2;1961,5;350;7314,9;1,11;NÃO;2369332,069;0,425965
ANEEL_01_2020;17/12/2020;6;"– SE 230/138 kV Cachoeirinha 3 - (9+1R) x 55 MVA;
– Trechos de LT em 230 kV entre a SE Cachoeirinha 3 e a LT Gravataí 2 – Canoas 2– C1, 2 x 2,5 km;
– Trechos de LT em 230 kV entre a SE Cachoeirinha 3 e a LT Gravataí 2 – Cidade Industrial –
C2, 2 x 2,5 km.";SUL;192282000;25299650;0,131576;9234372;R$100.000.000,00 - R$200.000.000,00;0,582488;0,635;42;36;6;0,857143;13;11;CEEE-GT;I;0;0;18;18;577791,77;495;0;1;1;10;236,4;6,03;2;0,331675;5,2;1961,5;350;7314,9;2,04;NÃO;1405536,111;0
ANEEL_01_2020;17/12/2020;7;"– LT 345 kV Miguel Reale - São Caetano do Sul, C1 e C2, com 7,8 km (subterrânea);
– LT 345 kV São Caetano do Sul - Sul, C1 e C2, com 14,5 km (subterrânea);
– SE 345/88 kV São Caetano do Sul x (6+1R) x 133,33 MVA;
– Trechos de LT em 345 kV entre a SE Sul e a LT 345 kV Ibiuna - Tijuco Preto C2, com 9 km.";SUDESTE;1138730000;161778340;0,142069;68050000;> R$300.000.000,00;0,595616;0,579363;60;58;2;0,966667;11;6;CTEEP;I;0;62,6;0;62,6;2056678,2;799,98;0;1;1;10;236,4;6,03;2;0,331675;5,2;1961,5;350;7314,9;2,34;NÃO;2584318,53;0,635
ANEEL_01_2020;17/12/2020;8;"– LT 345 kV Norte - São Miguel, C1 e C2, com 8,1 km (subterrânea);
– LT 345 kV São Miguel - Ramon, C1 e C2, com 9,1 km (subterrânea);
– SE 345/88 kV São Miguel - (9+1R) x 133,33 MVA.";SUDESTE;906702000;129486400;0,14281;42500000;> R$300.000.000,00;0,592366;0,67178;60;58;2;0,966667;11;9;CONSÓRCIO SAINT NICHOLAS II;C;0;34,8;0;34,8;1143329,09;1199,97;0;1;1;10;236,4;6,03;2;0,331675;5,2;1961,5;350;7314,9;2,2;NÃO;3720873,563;0,579363
ANEEL_01_2020;17/12/2020;9;"– SE 230/138 kV Iguatemi 2, 2 x 150 MVA;
– Trechos de LT em 230 kV entre a SE Iguatemi 2 e a LT Guaíra – Dourados C1, 2 x 3 km.";CENTRO-OESTE;93720000;13159620;0,140414;5235354;< R$100.000.000,00;0,605601;0,602165;42;36;6;0,857143;19;17;CONSÓRCIO SAINT NICHOLAS I;C;0;0;6,2;6,2;199017,17;300;0;1;1;10;236,4;6,03;2;0,331675;5,2;1961,5;350;7314,9;0,33;NÃO;2122519,355;0,67178
ANEEL_01_2020;17/12/2020;10;"– LT 230kV Fortaleza II – Dias Macedo II, C1 e C2, com 7,6 km (trechos subterrâneos);
– SE 230/69 kV Dias Macedo II ,3 x 200 MVA.";NORDESTE;314930000;45654380;0,144967;15100000;> R$300.000.000,00;0,60511;0,669254;60;36;24;0,6;16;13;"	CONSÓRCIO BRE 6";C;0;0;13;13;417294,06;600;0;1;1;10;236,4;6,03;2;0,331675;5,2;1961,5;350;7314,9;0,46;NÃO;3511875,385;0,602165
ANEEL_01_2020;17/12/2020;11;"– Incorporação dos ativos em serviço designado à AmGT pela Portaria do MME nº 706, de 15 de
dezembro de 2016;
– Revitalização das subestações em 230 kV Manaus, Cristiano Rocha e Lechuga (setor designado à
AmGT);
– Substituição da SE Balbina 230kV em arranjo disjuntor e meio por outra SE nova 230kV em arranjo
barra dupla 4 chaves;
– Substituição do pátio de 69kV em arranjo anel da SE Manaus por outro pátio novo de 69kV em
arranjo BD4 e,
– Empreendimentos novos:
– LT 230 kV Lechuga – Tarumã, CD, C1 e C2, com 12,2 km (trechos aéreos e subterrâneos);
– SE 230/138 kV Tarumã - (6+1Res) x 100 MVA;
– SE 230/69 kV Presidente Figueiredo – 2 x 50 MVA;
– Trechos de LT em 230 kV entre a SE Presidente Figueiredo e os pontos de seccionamento da LT
Balbina – Cristiano Rocha, C1, com 2 x 4,5 km.";NORTE;888315000;119712580;0,134764;63000000;> R$300.000.000,00;0,613128;0,47374;60;48;12;0,8;9;7;ENERGISA TRANSMISSÃO DE ENERGIA S.A;I;0;0;0;418;0;0;0;2;2;20;236,4;6,03;2;0,331675;5,2;1961,5;350;7314,9;1,71;NÃO;0;0,669254
ANEEL_01_2020;17/12/2020;12;"LT 230 kV Porto Alegre 1 - Porto Alegre9 C1, com 9 km (subterrânea);
– LT 230 kV Capivari do Sul - Osório 3, C1,com 28,83 km;
– LT 230 kV Guaíba 3 - Charqueadas 3, C1,10,24 km;
– LT 230 kV Guaíba 3 - Pólo Petroquímico,C1, com 33,07 km;
– SE 525 kV Guaíba 3 - Compensação Estática, 1 x (-180 / + 300) Mvar.
– SE 230/69 kV Charqueadas 3 - 2 x 150MVA;
– Trechos de LT 230 kV entre a SE Charqueadas 3 e a LT Cidade Industrial -Charqueadas, com 1 x 5,46
km (subterrânea). O trecho entre o ponto deseccionamento e a SE Charqueadas será desativado;
– Trechos de LT 230 kV entre a SE Charqueadas 3 e a LT Santa Cruz -Charqueadas C1, com 1 x 5,46 km
(subterrânea). O trecho entre o ponto deseccionamento e a SE Charqueadas será desativado.SE 230/13,8 kV Porto Alegre 4 - revitalização completa da subestação, com substituição dos
módulos de conexão e barramentos em 230kV e 13,8 kV e novas unidades de transformação
230/13,8kV - 5 x 75 MVA.";SUL;919440000;121899560;0,13258;52981762;R$100.000.000,00 - R$200.000.000,00;0,597641;0,565365;60;;60;0;14;12;CONSÓRCIO SAINT NICHOLAS I;C;0;0;116,7;116,7;3746016,67;675;1;3;2;30;236,4;6,03;2;0,331675;5,2;1961,5;350;7314,9;2,38;NÃO;1044554,927;0,47374
ANEEL_01_2021;30/06/2021;1;"LT 230 kV Abunã - Rio Branco - C3, com 305 km;
Trechos Seccionamento de LT 230 kV entre a SE Tucumã e a LT 230 kV Abunã - Rio Branco - C2, com 45 km; 
SE 230/69 kV Tucumã com (6+1R) x  50 MVA;
SE  230 kV Abunã com 1 EL, com 1 unidade Trifásica de Reator de Linha de 25 Mvar;
SE  230 kV Rio Branco com 1 EL, com 1 unidade Trifásica de Reator de Linha de 25 Mvar";NORTE;423155000;60907090;0,143936;0;< R$100.000.000,00;0;;60;48;12;0,8;;;;;0;0;395;395;14517155,19;400;0;1;1;10;313;6,26;4,25;0,678914;5,38;2208;350;8781;0;NÃO;154195,1646;0
ANEEL_01_2021;30/06/2021;2;"LT 345 kV Comperj – Venda das Pedras, C1, 18 km;
LT 345 kV Venda das Pedras – Sete Pontes, C1 e C2, CD, 41 km;
SE 345/138 kV Sete Pontes com (6+1R) x 200 MVA, 345 kV Blindada.";SUDESTE;442499000;64916290;0,146704;0;< R$100.000.000,00;0;;60;48;12;0,8;;;;;0;100;0;100;3761643,07;1400;0;1;1;10;313;6,26;4,25;0,678914;5,38;2208;350;8781;0;NÃO;649162,9;0
ANEEL_01_2021;30/06/2021;3;"Trechos Seccionamento de LT 500 kV entre a SE Cuiabá Norte e a LT Jauru - Cuiabá, C2, com 0,5 km; 
Trechos Seccionamento de 138 kV entre a LDA Barro Duro - Chapada dos Guimarães e a SE Cuiabá Norte, CD, com 3 km;
Trechos Seccionamento de 138 kV entre a LDA Coxipó - CPA C1 e C2 e a SE Cuiabá Norte, 2 CD, com 7 km;
SE 500/138 kV Cuiabá Norte, com (3+1R) x 200 MVA;";CENTRO-OESTE;216252000;28587670;0,132196;0;< R$100.000.000,00;0;;60;48;12;0,8;;;;;1;0;34;35;1339862,54;800;0;1;1;10;313;6,26;4,25;0,678914;5,38;2208;350;8781;0;NÃO;816790,5714;0
ANEEL_01_2021;30/06/2021;4;SE 230/138 kV Gurupi (novo pátio em 138 kV), com 2 x 100 MVA.;NORTE;74914000;11008060;0,146943;0;< R$100.000.000,00;0;;60;48;12;0,8;;;;;0;0;0;0;0;200;0;1;1;10;313;6,26;4,25;0,678914;5,38;2208;350;8781;0;NÃO;0;0
ANEEL_01_2021;30/06/2021;5;"Trechos Seccionamento de LT 230 kV entre a SE Dom Pedro I e a LT 230 kV São José dos Campos Mogi das Cruzes, C1, com 9,5 km; 
Trechos Seccionamento e LT 88 kV entre a SE Dom Pedro I e a LT 88 kV Mairiporã – Jaguari C1 e C2, CD, com 0,5 km;
SE 230/88 kV Dom Pedro I, com (6+1R) 50 MVA.";SUDESTE;161364000;21764910;0,134881;0;< R$100.000.000,00;0;;60;48;12;0,8;;;;;0;0;21;21;771798,12;350;0;1;1;10;313;6,26;4,25;0,678914;5,38;2208;350;8781;0;NÃO;1036424,286;0